Code & Label,Definition EN,Real Example,Reasoning EN
AB Abiosis,"No relationship, breaking off contact, refusal to interact (decoupling).","1. S/PV.10003, Waltz (United States):
 ""Unilateral recognition statements do not alter the reality on the ground... there is no credible Palestinian partner for peace.""","Waltz explicitly cuts off political relations (no credible partner) and rejects the validity of the other party's actions, pure decoupling."
ANTI Antibiosis,"An active relationship that aims to eliminate, destroy, or expel each other (zero-sum).","1. S/PV.9963, Shea (United States):
 ""The Council must meet the moment by pressuring Hamas to... disarm and leave Gaza forever.""
 2. S/PV.9945, Bamya (Palestine):
 ""They want the land, and they want to get rid of the people... whom they want to see disappear...""","""Leave Gaza forever"" and ""disappear"" are active relations to eliminate the existence of the opponent (Antibiosis)."
SYM Symbiosis,"Joint projects that lift each other up, fates tied, active coexistence.","1. S/PV.9442, Nusseibeh (United Arab Emirates):
 ""...sought a new Middle East where coexistence and cooperation deliver prosperity, security and peace for all.""
 2. S/PV.9442, Afonso (Mozambique):
 ""They can live together, side by side, in peace and security, as good neighbours.""",Recognizing that the fates of both parties are tied and offering joint projects that lift each other up.
