Code & ATR,Definition EN,Real Example,Reasoning EN
VD ATR-ISR,Direct physical violence attributed to Israel.,"1. S/PV.9442, Nebenzia (Russian Federation):
 ""condemning indiscriminate attacks on the civilian population and civilian objects in the Gaza Strip,
 including yesterday’s missile attack on the Al Ahli Hospital, .""
 2. S/PV.9963, Mansour (Palestine):
 ""They spoke of inflicting death and destruction on all of Gaza and they did so.""",Refers to direct physical action explicitly aimed at Israeli military operations. And sees Israel as the cause.
VD ATR-PAL,Direct physical violence attributed to the Palestinian faction/Hamas.,"1. S/PV.10146, Danon (Israel):
 ""...fighting a war that was forced upon us... since 7 October 2023...""
 2. S/PV.10146, Danon (Israel):
 ""...sexual violence by Hamas terrorists, blackmail for aid or money...""","Highlighting direct physical attacks (October 7, sexual violence) carried out by Palestinian/Hamas actors against Israeli citizens."
VS ATR-ISR,Structural violence created by Israeli policies/occupation.,"1. S/PV.9442, Nebenzia (Russian Federation):
 ""...strongly condemning the blockade.""
 2. S/PV.10046, Bendjama (Algeria):
 ""It clearly affirms — no annexation, no occupation, no forced displacement.""","Focus on the system of restrictions (blockades), annexation, and occupation that systematically and massively deprive people of their rights."
VS ATR-PAL,Structural violence in the form of a system of control/exploitation by Hamas in Gaza.,"1. S/PV.10146, Danon (Israel):
 ""...blackmail for aid or money and abuse by those in positions of power. ... life looks like under Hamas.""","Describes Hamas' power structure that exploits civilian populations, extorts aid, and monopolizes data institutions."
VC ATR-ISR,Cultural/media narratives that legitimize violence by Israel.,"1. S/PV.10003, Nebenzia (Russian Federation):
 ""West Jerusalem has been systematically constructing and imposing a distorted narrative, in which Palestinians are second-class people...""
 2. S/PV.9945, Bamya (Palestine):
 ""Our children are being described as monsters by the monsters who are killing them...""","Highlighting the production of narratives (distorted narratives, describing as monsters) which function to delegitimize the existence of other parties."
VC ATR-PAL,Narrative/propaganda produced by Hamas to justify violence.,"2. S/PV.9963, Danon (Israel):
 ""...enough of the endless defamation campaign against the State of Israel... trying to smear Israel...""",Attribution to the production of narratives (VC) in which suffering is exploited for propaganda machines and defamation campaigns.
