country,iso3,n_paragraphs,share__violence_type__VD,share__violence_type__VS,share__violence_type__VC,share__violence_type__NONE_ABSENT,share__attribution__ATR-ISR,share__attribution__ATR-PAL,share__attribution__NONE,share__attribution__NONE_ABSENT,share__positive_negative__PN0,share__positive_negative__PN1,share__positive_negative__PN2,share__positive_negative__PN3,share__positive_negative__PN4,share__positive_negative__NONE_ABSENT,share__transcend__T0,share__transcend__T1,share__transcend__T2,share__transcend__T3,share__transcend__T4,share__transcend__NONE_ABSENT,share__imperialism__I0,share__imperialism__I1,share__imperialism__I2,share__imperialism__I3,share__imperialism__I4,share__imperialism__NONE_ABSENT,share__relation_type__AB,share__relation_type__ANTI,share__relation_type__SYM,share__relation_type__NONE_ABSENT,count__violence_type__VD,count__violence_type__VS,count__violence_type__VC,count__violence_type__NONE_ABSENT,count__attribution__ATR-ISR,count__attribution__ATR-PAL,count__attribution__NONE,count__attribution__NONE_ABSENT,count__positive_negative__PN0,count__positive_negative__PN1,count__positive_negative__PN2,count__positive_negative__PN3,count__positive_negative__PN4,count__positive_negative__NONE_ABSENT,count__transcend__T0,count__transcend__T1,count__transcend__T2,count__transcend__T3,count__transcend__T4,count__transcend__NONE_ABSENT,count__imperialism__I0,count__imperialism__I1,count__imperialism__I2,count__imperialism__I3,count__imperialism__I4,count__imperialism__NONE_ABSENT,count__relation_type__AB,count__relation_type__ANTI,count__relation_type__SYM,count__relation_type__NONE_ABSENT
Russian Federation,RUS,1091,0.3473877176901925,0.2804766269477543,0.04124656278643447,0.4894592117323556,0.43538038496791936,0.025664527956003668,0.0925756186984418,0.4894592117323556,0.14390467461044912,0.11640696608615948,0.07241063244729606,0.09349220898258478,0.008249312557286892,0.6315307057745188,0.04949587534372136,0.05866177818515124,0.02933088909257562,0.051329055912007336,0.012832263978001834,0.8020164986251146,0.021998166819431713,0.08340971585701192,0.04307974335472044,0.021081576535288724,0.007332722273143905,0.8285976168652612,0.0009165902841429881,0.032080659945004586,0.07516040329972502,0.8918423464711274,379,306,45,534,475,28,101,534,157,127,79,102,9,689,54,64,32,56,14,875,24,91,47,23,8,904,1,35,82,973
United States,USA,877,0.3523375142531357,0.1516533637400228,0.029646522234891677,0.5587229190421893,0.08551881413911061,0.28734321550741165,0.10262257696693272,0.5587229190421893,0.11288483466362599,0.3603192702394527,0.08893956670467502,0.06841505131128849,0.026225769669327253,0.4150513112884835,0.11630558722919042,0.11630558722919042,0.03534777651083238,0.06157354618015964,0.026225769669327253,0.6590649942987458,0.059293044469783354,0.15051311288483465,0.036488027366020526,0.01596351197263398,0.004561003420752566,0.7537058152793614,0.0068415051311288486,0.03420752565564424,0.09578107183580388,0.8665906499429875,309,133,26,490,75,252,90,490,99,316,78,60,23,364,102,102,31,54,23,578,52,132,32,14,4,661,6,30,84,760
Sierra Leone,SLE,758,0.2796833773087071,0.21899736147757257,0.014511873350923483,0.6068601583113457,0.20184696569920843,0.07651715039577836,0.16754617414248021,0.6068601583113457,0.10158311345646438,0.23482849604221637,0.12532981530343007,0.08443271767810026,0.009234828496042216,0.525065963060686,0.0013192612137203166,0.00395778364116095,0.044854881266490766,0.05804749340369393,0.022427440633245383,0.8693931398416886,0.0013192612137203166,0.1345646437994723,0.052770448548812667,0.011873350923482849,0.0079155672823219,0.7994722955145118,0.0,0.0013192612137203166,0.0870712401055409,0.9116094986807388,212,166,11,460,153,58,127,460,77,178,95,64,7,398,1,3,34,44,17,659,1,102,40,9,6,606,0,1,66,691
Algeria,DZA,644,0.33540372670807456,0.4052795031055901,0.026397515527950312,0.43478260869565216,0.5124223602484472,0.0015527950310559005,0.06677018633540373,0.43478260869565216,0.12267080745341614,0.11490683229813664,0.04192546583850932,0.17236024844720496,0.0015527950310559005,0.5822981366459627,0.15838509316770186,0.06987577639751552,0.020186335403726708,0.021739130434782608,0.003105590062111801,0.7282608695652174,0.013975155279503106,0.09782608695652174,0.006211180124223602,0.026397515527950312,0.024844720496894408,0.8354037267080745,0.007763975155279503,0.07453416149068323,0.031055900621118012,0.8881987577639752,216,261,17,280,330,1,43,280,79,74,27,111,1,375,102,45,13,14,2,469,9,63,4,17,16,538,5,48,20,572
Guyana,GUY,601,0.33277870216306155,0.30615640599001664,0.019966722129783693,0.5041597337770383,0.33777038269550747,0.05324459234608985,0.16805324459234608,0.5041597337770383,0.129783693843594,0.24958402662229617,0.07154742096505824,0.13976705490848584,0.0033277870216306157,0.46921797004991683,0.04492512479201331,0.03993344425956739,0.033277870216306155,0.07487520798668885,0.011647254575707155,0.7953410981697171,0.0066555740432612314,0.19633943427620631,0.014975041597337771,0.016638935108153077,0.004991680532445923,0.7670549084858569,0.0,0.013311148086522463,0.08818635607321132,0.8985024958402662,200,184,12,303,203,32,101,303,78,150,43,84,2,282,27,24,20,45,7,478,4,118,9,10,3,461,0,8,53,540
China,CHN,573,0.28970331588132636,0.3089005235602094,0.005235602094240838,0.5497382198952879,0.37521815008726006,0.0034904013961605585,0.1099476439790576,0.5497382198952879,0.2181500872600349,0.3263525305410122,0.1082024432809773,0.17452006980802792,0.008726003490401396,0.2844677137870855,0.031413612565445025,0.041884816753926704,0.06980802792321117,0.0924956369982548,0.02617801047120419,0.7486910994764397,0.006980802792321117,0.2181500872600349,0.06282722513089005,0.055846422338568937,0.0034904013961605585,0.6893542757417103,0.0,0.0017452006980802793,0.1518324607329843,0.8464223385689355,166,177,3,315,215,2,63,315,125,187,62,100,5,163,18,24,40,53,15,429,4,125,36,32,2,395,0,1,87,485
Slovenia,SVN,561,0.24064171122994651,0.1889483065953654,0.008912655971479501,0.679144385026738,0.16755793226381463,0.0677361853832442,0.1443850267379679,0.679144385026738,0.1319073083778966,0.23529411764705882,0.14260249554367202,0.06060606060606061,0.012477718360071301,0.5062388591800356,0.012477718360071301,0.017825311942959002,0.058823529411764705,0.0748663101604278,0.0196078431372549,0.82174688057041,0.0071301247771836,0.12834224598930483,0.049910873440285206,0.0285204991087344,0.012477718360071301,0.7914438502673797,0.0,0.0,0.08912655971479501,0.910873440285205,135,106,5,381,94,38,81,381,74,132,80,34,7,284,7,10,33,42,11,461,4,72,28,16,7,444,0,0,50,511
France,FRA,544,0.33088235294117646,0.19852941176470587,0.0,0.5680147058823529,0.22794117647058823,0.18382352941176472,0.07352941176470588,0.5680147058823529,0.11213235294117647,0.33639705882352944,0.16911764705882354,0.11580882352941177,0.009191176470588236,0.35110294117647056,0.05330882352941176,0.07169117647058823,0.08088235294117647,0.11764705882352941,0.025735294117647058,0.6617647058823529,0.009191176470588236,0.1875,0.07169117647058823,0.03125,0.0,0.7205882352941176,0.001838235294117647,0.0055147058823529415,0.15625,0.8419117647058824,180,108,0,309,124,100,40,309,61,183,92,63,5,191,29,39,44,64,14,360,5,102,39,17,0,392,1,3,85,458
United Kingdom,GBR,483,0.35610766045548653,0.23395445134575568,0.012422360248447204,0.525879917184265,0.2587991718426501,0.18840579710144928,0.09523809523809523,0.525879917184265,0.10559006211180125,0.41821946169772256,0.14285714285714285,0.10766045548654245,0.008281573498964804,0.33540372670807456,0.047619047619047616,0.06625258799171843,0.09316770186335403,0.10559006211180125,0.041407867494824016,0.6790890269151139,0.016563146997929608,0.19461697722567287,0.051759834368530024,0.039337474120082816,0.002070393374741201,0.7163561076604554,0.0,0.010351966873706004,0.14906832298136646,0.84472049689441,172,113,6,254,125,91,46,254,51,202,69,52,4,162,23,32,45,51,20,328,8,94,25,19,1,346,0,5,72,408
Switzerland,CHE,475,0.27789473684210525,0.1368421052631579,0.002105263157894737,0.6378947368421053,0.16421052631578947,0.11157894736842106,0.14736842105263157,0.6378947368421053,0.10105263157894737,0.35789473684210527,0.10947368421052632,0.07368421052631578,0.018947368421052633,0.4231578947368421,0.0,0.01263157894736842,0.031578947368421054,0.023157894736842106,0.06947368421052631,0.8652631578947368,0.0,0.12421052631578948,0.04842105263157895,0.010526315789473684,0.00631578947368421,0.8168421052631579,0.0,0.0,0.1031578947368421,0.8968421052631579,132,65,1,303,78,53,70,303,48,170,52,35,9,201,0,6,15,11,33,411,0,59,23,5,3,388,0,0,49,426
Republic of Korea,KOR,464,0.3599137931034483,0.2521551724137931,0.021551724137931036,0.5150862068965517,0.30603448275862066,0.1788793103448276,0.11853448275862069,0.5150862068965517,0.14870689655172414,0.27586206896551724,0.13577586206896552,0.07112068965517242,0.017241379310344827,0.4504310344827586,0.010775862068965518,0.032327586206896554,0.05603448275862069,0.10129310344827586,0.017241379310344827,0.7823275862068966,0.008620689655172414,0.16810344827586207,0.05818965517241379,0.010775862068965518,0.004310344827586207,0.7758620689655172,0.0,0.0,0.1206896551724138,0.8793103448275862,167,117,10,239,142,83,55,239,69,128,63,33,8,209,5,15,26,47,8,363,4,78,27,5,2,360,0,0,56,408
Malta,MLT,455,0.34725274725274724,0.23296703296703297,0.006593406593406593,0.545054945054945,0.26373626373626374,0.11428571428571428,0.14725274725274726,0.545054945054945,0.13406593406593406,0.3120879120879121,0.12747252747252746,0.10989010989010989,0.006593406593406593,0.3978021978021978,0.015384615384615385,0.024175824175824177,0.041758241758241756,0.07252747252747253,0.03296703296703297,0.8175824175824176,0.002197802197802198,0.15384615384615385,0.04395604395604396,0.03296703296703297,0.0,0.7846153846153846,0.0,0.0,0.11868131868131868,0.8813186813186813,158,106,3,248,120,52,67,248,61,142,58,50,3,181,7,11,19,33,15,372,1,70,20,15,0,357,0,0,54,401
Mozambique,MOZ,370,0.17027027027027028,0.1,0.008108108108108109,0.7621621621621621,0.13783783783783785,0.01891891891891892,0.11621621621621622,0.7621621621621621,0.0891891891891892,0.27837837837837837,0.1972972972972973,0.06756756756756757,0.024324324324324326,0.42702702702702705,0.021621621621621623,0.010810810810810811,0.02702702702702703,0.03783783783783784,0.0891891891891892,0.8135135135135135,0.0,0.10810810810810811,0.07027027027027027,0.013513513513513514,0.032432432432432434,0.7891891891891892,0.0,0.0,0.12702702702702703,0.8729729729729729,63,37,3,282,51,7,43,282,33,103,73,25,9,158,8,4,10,14,33,301,0,40,26,5,12,292,0,0,47,323
Japan,JPN,367,0.3405994550408719,0.13896457765667575,0.0,0.5858310626702997,0.17438692098092642,0.15258855585831063,0.15803814713896458,0.5858310626702997,0.12534059945504086,0.2670299727520436,0.11716621253405994,0.05449591280653951,0.02997275204359673,0.46866485013623976,0.010899182561307902,0.01634877384196185,0.07084468664850137,0.035422343324250684,0.05449591280653951,0.8119891008174387,0.005449591280653951,0.11444141689373297,0.05722070844686648,0.01907356948228883,0.013623978201634877,0.8038147138964578,0.0027247956403269754,0.0,0.10354223433242507,0.8937329700272479,125,51,0,215,64,56,58,215,46,98,43,20,11,172,4,6,26,13,20,298,2,42,21,7,5,295,1,0,38,328
Pakistan,PAK,344,0.3313953488372093,0.36627906976744184,0.005813953488372093,0.49127906976744184,0.4418604651162791,0.005813953488372093,0.0755813953488372,0.49127906976744184,0.10755813953488372,0.2180232558139535,0.09011627906976744,0.2238372093023256,0.0,0.45058139534883723,0.13372093023255813,0.055232558139534885,0.05813953488372093,0.09593023255813954,0.0029069767441860465,0.6598837209302325,0.011627906976744186,0.0872093023255814,0.023255813953488372,0.040697674418604654,0.014534883720930232,0.8313953488372093,0.0,0.011627906976744186,0.09011627906976744,0.8982558139534884,114,126,2,169,152,2,26,169,37,75,31,77,0,155,46,19,20,33,1,227,4,30,8,14,5,286,0,4,31,309
Ecuador,ECU,332,0.28313253012048195,0.060240963855421686,0.018072289156626505,0.6686746987951807,0.060240963855421686,0.19578313253012047,0.1355421686746988,0.6686746987951807,0.08734939759036145,0.29518072289156627,0.09939759036144578,0.09939759036144578,0.0,0.463855421686747,0.02108433734939759,0.024096385542168676,0.0783132530120482,0.06927710843373494,0.05120481927710843,0.7650602409638554,0.0030120481927710845,0.07228915662650602,0.09337349397590361,0.0030120481927710845,0.0,0.8463855421686747,0.0,0.0,0.12951807228915663,0.8704819277108434,94,20,6,222,20,65,45,222,29,98,33,33,0,154,7,8,26,23,17,254,1,24,31,1,0,281,0,0,43,289
United Arab Emirates,ARE,263,0.33840304182509506,0.27756653992395436,0.026615969581749048,0.5095057034220533,0.3574144486692015,0.053231939163498096,0.12927756653992395,0.5095057034220533,0.053231939163498096,0.3269961977186312,0.09885931558935361,0.14068441064638784,0.034220532319391636,0.42585551330798477,0.0038022813688212928,0.034220532319391636,0.026615969581749048,0.12547528517110265,0.019011406844106463,0.7908745247148289,0.0,0.10646387832699619,0.060836501901140684,0.015209125475285171,0.0076045627376425855,0.8136882129277566,0.0038022813688212928,0.0,0.1482889733840304,0.8517110266159695,89,73,7,134,94,14,34,134,14,86,26,37,9,112,1,9,7,33,5,208,0,28,16,4,2,214,1,0,39,224
Egypt,EGY,230,0.3652173913043478,0.3695652173913043,0.043478260869565216,0.44782608695652176,0.4956521739130435,0.008695652173913044,0.06521739130434782,0.44782608695652176,0.12173913043478261,0.26956521739130435,0.08260869565217391,0.21304347826086956,0.008695652173913044,0.40869565217391307,0.06521739130434782,0.10434782608695652,0.043478260869565216,0.0391304347826087,0.013043478260869565,0.7478260869565218,0.008695652173913044,0.14782608695652175,0.043478260869565216,0.0782608695652174,0.017391304347826087,0.7260869565217392,0.004347826086956522,0.05652173913043478,0.09565217391304348,0.8434782608695652,84,85,10,103,114,2,15,103,28,62,19,49,2,94,15,24,10,9,3,172,2,34,10,18,4,167,1,13,22,194
Panama,PAN,211,0.3033175355450237,0.2037914691943128,0.004739336492890996,0.5781990521327014,0.07582938388625593,0.15165876777251186,0.21800947867298578,0.5781990521327014,0.037914691943127965,0.24170616113744076,0.13744075829383887,0.03317535545023697,0.009478672985781991,0.5687203791469194,0.04265402843601896,0.014218009478672985,0.07582938388625593,0.0995260663507109,0.037914691943127965,0.7298578199052133,0.0,0.03317535545023697,0.014218009478672985,0.009478672985781991,0.0,0.9478672985781991,0.0,0.0,0.08530805687203792,0.9146919431279621,64,43,1,122,16,32,46,122,8,51,29,7,2,120,9,3,16,21,8,154,0,7,3,2,0,200,0,0,18,193
Somalia,SOM,207,0.2318840579710145,0.36231884057971014,0.0,0.5362318840579711,0.30917874396135264,0.0,0.17391304347826086,0.5362318840579711,0.13043478260869565,0.21256038647342995,0.0821256038647343,0.22705314009661837,0.01932367149758454,0.46859903381642515,0.057971014492753624,0.05314009661835749,0.06763285024154589,0.13043478260869565,0.0,0.6908212560386473,0.024154589371980676,0.09178743961352658,0.024154589371980676,0.07246376811594203,0.028985507246376812,0.7729468599033816,0.0,0.0,0.0821256038647343,0.9178743961352657,48,75,0,111,64,0,36,111,27,44,17,47,4,97,12,11,14,27,0,143,5,19,5,15,6,160,0,0,17,190
Denmark,DNK,197,0.30456852791878175,0.25888324873096447,0.0,0.5482233502538071,0.26903553299492383,0.15736040609137056,0.08629441624365482,0.5482233502538071,0.07614213197969544,0.30456852791878175,0.10152284263959391,0.08629441624365482,0.01015228426395939,0.4720812182741117,0.050761421319796954,0.030456852791878174,0.025380710659898477,0.08629441624365482,0.02030456852791878,0.7868020304568528,0.030456852791878174,0.17258883248730963,0.03553299492385787,0.015228426395939087,0.01015228426395939,0.7614213197969543,0.005076142131979695,0.0,0.1218274111675127,0.8730964467005076,60,51,0,108,53,31,17,108,15,60,20,17,2,93,10,6,5,17,4,155,6,34,7,3,2,150,1,0,24,172
Lebanon,LBN,194,0.34536082474226804,0.22164948453608246,0.05154639175257732,0.4948453608247423,0.4639175257731959,0.015463917525773196,0.041237113402061855,0.4948453608247423,0.09278350515463918,0.15979381443298968,0.13917525773195877,0.14432989690721648,0.010309278350515464,0.5567010309278351,0.13917525773195877,0.030927835051546393,0.02577319587628866,0.041237113402061855,0.005154639175257732,0.7577319587628866,0.010309278350515464,0.23195876288659795,0.02577319587628866,0.03608247422680412,0.0,0.7061855670103093,0.0,0.041237113402061855,0.07731958762886598,0.8814432989690721,67,43,10,96,90,3,8,96,18,31,27,28,2,108,27,6,5,8,1,147,2,45,5,7,0,137,0,8,15,171
Greece,GRC,187,0.3315508021390374,0.1925133689839572,0.0,0.6149732620320856,0.12299465240641712,0.1497326203208556,0.1711229946524064,0.6149732620320856,0.12834224598930483,0.3048128342245989,0.24598930481283424,0.13368983957219252,0.03208556149732621,0.3422459893048128,0.0213903743315508,0.053475935828877004,0.06951871657754011,0.12834224598930483,0.0481283422459893,0.6898395721925134,0.03208556149732621,0.11229946524064172,0.0962566844919786,0.06951871657754011,0.0,0.7540106951871658,0.0106951871657754,0.0,0.15508021390374332,0.8342245989304813,62,36,0,115,23,28,32,115,24,57,46,25,6,64,4,10,13,24,9,129,6,21,18,13,0,141,2,0,29,156
Iran,IRN,186,0.5698924731182796,0.3010752688172043,0.04838709677419355,0.3064516129032258,0.6612903225806451,0.010752688172043012,0.0913978494623656,0.3064516129032258,0.0967741935483871,0.11827956989247312,0.016129032258064516,0.15591397849462366,0.005376344086021506,0.6612903225806451,0.15053763440860216,0.11827956989247312,0.016129032258064516,0.021505376344086023,0.0,0.6935483870967742,0.0,0.08064516129032258,0.0,0.026881720430107527,0.010752688172043012,0.8817204301075269,0.016129032258064516,0.06989247311827956,0.010752688172043012,0.9032258064516129,106,56,9,57,123,2,17,57,18,22,3,29,1,123,28,22,3,4,0,129,0,15,0,5,2,164,3,13,2,168
Brazil,BRA,182,0.23076923076923078,0.16483516483516483,0.0,0.6758241758241759,0.18681318681318682,0.06593406593406594,0.12087912087912088,0.6758241758241759,0.06043956043956044,0.2802197802197802,0.0989010989010989,0.22527472527472528,0.02197802197802198,0.42857142857142855,0.01098901098901099,0.016483516483516484,0.038461538461538464,0.07142857142857142,0.054945054945054944,0.8131868131868132,0.0,0.13186813186813187,0.08241758241758242,0.02197802197802198,0.01098901098901099,0.7692307692307693,0.0,0.005494505494505495,0.12637362637362637,0.8681318681318682,42,30,0,123,34,12,22,123,11,51,18,41,4,78,2,3,7,13,10,148,0,24,15,4,2,140,0,1,23,158
Syrian Arab Republic,SYR,173,0.5433526011560693,0.3699421965317919,0.06936416184971098,0.2832369942196532,0.6647398843930635,0.011560693641618497,0.09248554913294797,0.2832369942196532,0.1329479768786127,0.06936416184971098,0.011560693641618497,0.16184971098265896,0.005780346820809248,0.6763005780346821,0.23121387283236994,0.11560693641618497,0.028901734104046242,0.011560693641618497,0.005780346820809248,0.6069364161849711,0.005780346820809248,0.06358381502890173,0.005780346820809248,0.04046242774566474,0.011560693641618497,0.8786127167630058,0.0,0.028901734104046242,0.017341040462427744,0.953757225433526,94,64,12,49,115,2,16,49,23,12,2,28,1,117,40,20,5,2,1,105,1,11,1,7,2,152,0,5,3,165
Jordan,JOR,167,0.4431137724550898,0.47904191616766467,0.12574850299401197,0.3473053892215569,0.6227544910179641,0.0,0.04790419161676647,0.3473053892215569,0.1377245508982036,0.32934131736526945,0.05389221556886228,0.31137724550898205,0.023952095808383235,0.3473053892215569,0.2155688622754491,0.03592814371257485,0.023952095808383235,0.16167664670658682,0.017964071856287425,0.562874251497006,0.011976047904191617,0.11976047904191617,0.029940119760479042,0.03592814371257485,0.029940119760479042,0.7784431137724551,0.005988023952095809,0.023952095808383235,0.19760479041916168,0.7724550898203593,74,80,21,58,104,0,8,58,23,55,9,52,4,58,36,6,4,27,3,94,2,20,5,6,5,130,1,4,33,129
Türkiye,TUR,144,0.3263888888888889,0.3055555555555556,0.034722222222222224,0.5347222222222222,0.4027777777777778,0.0,0.06944444444444445,0.5347222222222222,0.08333333333333333,0.20833333333333334,0.09027777777777778,0.2361111111111111,0.006944444444444444,0.4861111111111111,0.10416666666666667,0.027777777777777776,0.041666666666666664,0.0625,0.013888888888888888,0.7569444444444444,0.006944444444444444,0.09722222222222222,0.05555555555555555,0.013888888888888888,0.013888888888888888,0.8263888888888888,0.0,0.020833333333333332,0.1388888888888889,0.8402777777777778,47,44,5,77,58,0,10,77,12,30,13,34,1,70,15,4,6,9,2,109,1,14,8,2,2,119,0,3,20,121
Qatar,QAT,141,0.2765957446808511,0.2198581560283688,0.0070921985815602835,0.6382978723404256,0.3333333333333333,0.0,0.04964539007092199,0.6382978723404256,0.0851063829787234,0.2978723404255319,0.12056737588652482,0.1702127659574468,0.0070921985815602835,0.3900709219858156,0.0425531914893617,0.05673758865248227,0.06382978723404255,0.0425531914893617,0.0070921985815602835,0.7872340425531915,0.0,0.07092198581560284,0.07801418439716312,0.04964539007092199,0.028368794326241134,0.7801418439716312,0.0,0.0,0.10638297872340426,0.8936170212765957,39,31,1,90,47,0,7,90,12,42,17,24,1,55,6,8,9,6,1,111,0,10,11,7,4,110,0,0,15,126
South Africa,ZAF,131,0.2900763358778626,0.2366412213740458,0.015267175572519083,0.5648854961832062,0.366412213740458,0.04580152671755725,0.08396946564885496,0.5648854961832062,0.11450381679389313,0.13740458015267176,0.04580152671755725,0.16030534351145037,0.022900763358778626,0.5801526717557252,0.04580152671755725,0.061068702290076333,0.030534351145038167,0.030534351145038167,0.030534351145038167,0.8091603053435115,0.0,0.08396946564885496,0.015267175572519083,0.015267175572519083,0.015267175572519083,0.8702290076335878,0.0,0.04580152671755725,0.05343511450381679,0.9007633587786259,38,31,2,74,48,6,11,74,15,18,6,21,3,76,6,8,4,4,4,106,0,11,2,2,2,114,0,6,7,118
Kuwait,KWT,129,0.26356589147286824,0.29457364341085274,0.023255813953488372,0.5503875968992248,0.40310077519379844,0.0,0.046511627906976744,0.5503875968992248,0.10077519379844961,0.23255813953488372,0.05426356589147287,0.26356589147286824,0.0,0.4263565891472868,0.18604651162790697,0.17829457364341086,0.046511627906976744,0.046511627906976744,0.0,0.5503875968992248,0.007751937984496124,0.11627906976744186,0.031007751937984496,0.015503875968992248,0.0,0.8372093023255814,0.015503875968992248,0.05426356589147287,0.11627906976744186,0.813953488372093,34,38,3,71,52,0,6,71,13,30,7,34,0,55,24,23,6,6,0,71,1,15,4,2,0,108,2,7,15,105
Iraq,IRQ,127,0.4566929133858268,0.29133858267716534,0.015748031496062992,0.4409448818897638,0.5196850393700787,0.0,0.03937007874015748,0.4409448818897638,0.12598425196850394,0.1889763779527559,0.07086614173228346,0.2204724409448819,0.0,0.5590551181102362,0.09448818897637795,0.10236220472440945,0.08661417322834646,0.031496062992125984,0.0,0.6850393700787402,0.0,0.10236220472440945,0.0,0.031496062992125984,0.023622047244094488,0.8503937007874016,0.0,0.007874015748031496,0.015748031496062992,0.9763779527559056,58,37,2,56,66,0,5,56,16,24,9,28,0,71,12,13,11,4,0,87,0,13,0,4,3,108,0,1,2,124
Albania,ALB,118,0.3728813559322034,0.13559322033898305,0.0847457627118644,0.5254237288135594,0.1016949152542373,0.2627118644067797,0.1440677966101695,0.5254237288135594,0.01694915254237288,0.2627118644067797,0.11016949152542373,0.11864406779661017,0.05084745762711865,0.5084745762711864,0.01694915254237288,0.06779661016949153,0.03389830508474576,0.06779661016949153,0.07627118644067797,0.7372881355932204,0.01694915254237288,0.0423728813559322,0.059322033898305086,0.059322033898305086,0.025423728813559324,0.7966101694915254,0.0,0.025423728813559324,0.1694915254237288,0.8050847457627118,44,16,10,62,12,31,17,62,2,31,13,14,6,60,2,8,4,8,9,87,2,5,7,7,3,94,0,3,20,95
Saudi Arabia,SAU,116,0.3706896551724138,0.3275862068965517,0.034482758620689655,0.49137931034482757,0.4396551724137931,0.0,0.06896551724137931,0.49137931034482757,0.11206896551724138,0.29310344827586204,0.11206896551724138,0.1896551724137931,0.017241379310344827,0.4396551724137931,0.10344827586206896,0.10344827586206896,0.008620689655172414,0.08620689655172414,0.0,0.6982758620689655,0.0,0.07758620689655173,0.06896551724137931,0.034482758620689655,0.0,0.8275862068965517,0.0,0.017241379310344827,0.11206896551724138,0.8706896551724138,43,38,4,57,51,0,8,57,13,34,13,22,2,51,12,12,1,10,0,81,0,9,8,4,0,96,0,2,13,101
Ghana,GHA,108,0.2222222222222222,0.06481481481481481,0.0,0.7685185185185185,0.1111111111111111,0.1111111111111111,0.12962962962962962,0.7685185185185185,0.05555555555555555,0.3333333333333333,0.18518518518518517,0.10185185185185185,0.037037037037037035,0.3611111111111111,0.0,0.009259259259259259,0.046296296296296294,0.08333333333333333,0.07407407407407407,0.7870370370370371,0.0,0.08333333333333333,0.12037037037037036,0.027777777777777776,0.0,0.7777777777777778,0.0,0.0,0.16666666666666666,0.8333333333333334,24,7,0,83,12,12,14,83,6,36,20,11,4,39,0,1,5,9,8,85,0,9,13,3,0,84,0,0,18,90
Gabon,GAB,103,0.24271844660194175,0.1262135922330097,0.019417475728155338,0.6893203883495146,0.10679611650485436,0.14563106796116504,0.10679611650485436,0.6893203883495146,0.07766990291262135,0.3592233009708738,0.23300970873786409,0.06796116504854369,0.0,0.34951456310679613,0.0,0.009708737864077669,0.07766990291262135,0.06796116504854369,0.04854368932038835,0.7961165048543689,0.0,0.06796116504854369,0.13592233009708737,0.0,0.019417475728155338,0.7864077669902912,0.0,0.0,0.1650485436893204,0.8349514563106796,25,13,2,71,11,15,11,71,8,37,24,7,0,36,0,1,8,7,5,82,0,7,14,0,2,81,0,0,17,86
Malaysia,MYS,97,0.29896907216494845,0.4020618556701031,0.041237113402061855,0.4639175257731959,0.422680412371134,0.010309278350515464,0.1134020618556701,0.4639175257731959,0.08247422680412371,0.17525773195876287,0.041237113402061855,0.31958762886597936,0.0,0.4329896907216495,0.07216494845360824,0.17525773195876287,0.030927835051546393,0.041237113402061855,0.0,0.6804123711340206,0.010309278350515464,0.13402061855670103,0.041237113402061855,0.041237113402061855,0.030927835051546393,0.7525773195876289,0.0,0.041237113402061855,0.15463917525773196,0.8041237113402062,29,39,4,45,41,1,11,45,8,17,4,31,0,42,7,17,3,4,0,66,1,13,4,4,3,73,0,4,15,78
Norway,NOR,96,0.17708333333333334,0.17708333333333334,0.0,0.7083333333333334,0.16666666666666666,0.07291666666666667,0.09375,0.7083333333333334,0.07291666666666667,0.28125,0.14583333333333334,0.23958333333333334,0.010416666666666666,0.3229166666666667,0.010416666666666666,0.03125,0.020833333333333332,0.125,0.08333333333333333,0.7291666666666666,0.010416666666666666,0.15625,0.03125,0.125,0.010416666666666666,0.6979166666666666,0.0,0.0,0.2604166666666667,0.7395833333333334,17,17,0,68,16,7,9,68,7,27,14,23,1,31,1,3,2,12,8,70,1,15,3,12,1,67,0,0,25,71
Venezuela,VEN,95,0.45263157894736844,0.43157894736842106,0.05263157894736842,0.35789473684210527,0.6421052631578947,0.010526315789473684,0.010526315789473684,0.35789473684210527,0.010526315789473684,0.15789473684210525,0.05263157894736842,0.25263157894736843,0.0,0.5368421052631579,0.10526315789473684,0.21052631578947367,0.07368421052631578,0.021052631578947368,0.0,0.5894736842105263,0.0,0.15789473684210525,0.010526315789473684,0.031578947368421054,0.031578947368421054,0.7789473684210526,0.010526315789473684,0.10526315789473684,0.06315789473684211,0.8315789473684211,43,41,5,34,61,1,1,34,1,15,5,24,0,51,10,20,7,2,0,56,0,15,1,3,3,74,1,10,6,79
Chile,CHL,94,0.26595744680851063,0.19148936170212766,0.0,0.5957446808510638,0.2978723404255319,0.10638297872340426,0.10638297872340426,0.5957446808510638,0.09574468085106383,0.22340425531914893,0.09574468085106383,0.13829787234042554,0.02127659574468085,0.5,0.0,0.06382978723404255,0.05319148936170213,0.11702127659574468,0.0,0.776595744680851,0.0,0.14893617021276595,0.031914893617021274,0.010638297872340425,0.0,0.8191489361702128,0.0,0.0,0.10638297872340426,0.8936170212765957,25,18,0,56,28,10,10,56,9,21,9,13,2,47,0,6,5,11,0,73,0,14,3,1,0,77,0,0,10,84
Uganda,UGA,91,0.23076923076923078,0.43956043956043955,0.03296703296703297,0.5164835164835165,0.4835164835164835,0.0,0.0,0.5164835164835165,0.16483516483516483,0.31868131868131866,0.03296703296703297,0.3076923076923077,0.0,0.3076923076923077,0.03296703296703297,0.0,0.02197802197802198,0.03296703296703297,0.0,0.9120879120879121,0.0,0.31868131868131866,0.0,0.04395604395604396,0.01098901098901099,0.6483516483516484,0.0,0.0,0.08791208791208792,0.9120879120879121,21,40,3,47,44,0,0,47,15,29,3,28,0,28,3,0,2,3,0,83,0,29,0,4,1,59,0,0,8,83
Libya,LBY,84,0.42857142857142855,0.25,0.07142857142857142,0.4642857142857143,0.4880952380952381,0.0,0.07142857142857142,0.4642857142857143,0.08333333333333333,0.11904761904761904,0.07142857142857142,0.19047619047619047,0.0,0.5952380952380952,0.03571428571428571,0.25,0.011904761904761904,0.023809523809523808,0.0,0.6785714285714286,0.0,0.05952380952380952,0.03571428571428571,0.047619047619047616,0.08333333333333333,0.7857142857142857,0.011904761904761904,0.08333333333333333,0.047619047619047616,0.8571428571428571,36,21,6,39,41,0,6,39,7,10,6,16,0,50,3,21,1,2,0,57,0,5,3,4,7,66,1,7,4,72
Tunisia,TUN,84,0.5238095238095238,0.5476190476190477,0.03571428571428571,0.2857142857142857,0.6190476190476191,0.0,0.09523809523809523,0.2857142857142857,0.09523809523809523,0.2261904761904762,0.03571428571428571,0.25,0.0,0.47619047619047616,0.11904761904761904,0.08333333333333333,0.011904761904761904,0.011904761904761904,0.0,0.7738095238095238,0.023809523809523808,0.09523809523809523,0.0,0.08333333333333333,0.05952380952380952,0.7738095238095238,0.0,0.07142857142857142,0.03571428571428571,0.8928571428571429,44,46,3,24,52,0,8,24,8,19,3,21,0,40,10,7,1,1,0,65,2,8,0,7,5,65,0,6,3,75
Cuba,CUB,84,0.40476190476190477,0.4642857142857143,0.03571428571428571,0.3333333333333333,0.5476190476190477,0.0,0.19047619047619047,0.3333333333333333,0.13095238095238096,0.14285714285714285,0.08333333333333333,0.2857142857142857,0.0,0.4642857142857143,0.10714285714285714,0.16666666666666666,0.08333333333333333,0.08333333333333333,0.0,0.5952380952380952,0.0,0.047619047619047616,0.05952380952380952,0.05952380952380952,0.023809523809523808,0.8095238095238095,0.0,0.05952380952380952,0.11904761904761904,0.8214285714285714,34,39,3,28,46,0,16,28,11,12,7,24,0,39,9,14,7,7,0,50,0,4,5,5,2,68,0,5,10,69
Morocco,MAR,81,0.07407407407407407,0.12345679012345678,0.0,0.8148148148148148,0.16049382716049382,0.0,0.024691358024691357,0.8148148148148148,0.012345679012345678,0.345679012345679,0.1728395061728395,0.18518518518518517,0.024691358024691357,0.37037037037037035,0.0,0.1111111111111111,0.07407407407407407,0.09876543209876543,0.07407407407407407,0.6419753086419753,0.0,0.07407407407407407,0.012345679012345678,0.06172839506172839,0.0,0.8641975308641975,0.0,0.0,0.20987654320987653,0.7901234567901234,6,10,0,66,13,0,2,66,1,28,14,15,2,30,0,9,6,8,6,52,0,6,1,5,0,70,0,0,17,64
Mexico,MEX,76,0.19736842105263158,0.13157894736842105,0.0,0.7236842105263158,0.15789473684210525,0.07894736842105263,0.11842105263157894,0.7236842105263158,0.10526315789473684,0.2236842105263158,0.13157894736842105,0.13157894736842105,0.013157894736842105,0.4605263157894737,0.0,0.0,0.013157894736842105,0.14473684210526316,0.02631578947368421,0.8157894736842105,0.0,0.07894736842105263,0.07894736842105263,0.039473684210526314,0.0,0.8421052631578947,0.0,0.0,0.15789473684210525,0.8421052631578947,15,10,0,55,12,6,9,55,8,17,10,10,1,35,0,0,1,11,2,62,0,6,6,3,0,64,0,0,12,64
Ireland,IRL,74,0.3108108108108108,0.25675675675675674,0.02702702702702703,0.5405405405405406,0.2702702702702703,0.12162162162162163,0.13513513513513514,0.5405405405405406,0.05405405405405406,0.3783783783783784,0.10810810810810811,0.20270270270270271,0.0,0.33783783783783783,0.0,0.02702702702702703,0.05405405405405406,0.13513513513513514,0.02702702702702703,0.7567567567567568,0.0,0.20270270270270271,0.06756756756756757,0.05405405405405406,0.013513513513513514,0.7297297297297297,0.0,0.0,0.10810810810810811,0.8918918918918919,23,19,2,40,20,9,10,40,4,28,8,15,0,25,0,2,4,10,2,56,0,15,5,4,1,54,0,0,8,66
Philippines,PHL,71,0.04225352112676056,0.0,0.0,0.9577464788732394,0.0,0.014084507042253521,0.028169014084507043,0.9577464788732394,0.04225352112676056,0.2676056338028169,0.352112676056338,0.056338028169014086,0.0,0.323943661971831,0.0,0.0,0.014084507042253521,0.14084507042253522,0.014084507042253521,0.8309859154929577,0.0,0.056338028169014086,0.056338028169014086,0.014084507042253521,0.0,0.8732394366197183,0.0,0.0,0.15492957746478872,0.8450704225352113,3,0,0,68,0,1,2,68,3,19,25,4,0,23,0,0,1,10,1,59,0,4,4,1,0,62,0,0,11,60
Mauritania,MRT,71,0.5070422535211268,0.4507042253521127,0.04225352112676056,0.30985915492957744,0.6901408450704225,0.0,0.0,0.30985915492957744,0.056338028169014086,0.28169014084507044,0.028169014084507043,0.15492957746478872,0.0,0.5211267605633803,0.28169014084507044,0.014084507042253521,0.056338028169014086,0.0,0.014084507042253521,0.6338028169014085,0.0,0.28169014084507044,0.04225352112676056,0.028169014084507043,0.0,0.6619718309859155,0.0,0.09859154929577464,0.04225352112676056,0.8591549295774648,36,32,3,22,49,0,0,22,4,20,2,11,0,37,20,1,4,0,1,45,0,20,3,2,0,47,0,7,3,61
Bangladesh,BGD,71,0.5492957746478874,0.28169014084507044,0.0,0.43661971830985913,0.4647887323943662,0.0,0.11267605633802817,0.43661971830985913,0.2676056338028169,0.19718309859154928,0.056338028169014086,0.3380281690140845,0.0,0.323943661971831,0.1267605633802817,0.11267605633802817,0.056338028169014086,0.07042253521126761,0.0,0.6338028169014085,0.0,0.056338028169014086,0.028169014084507043,0.08450704225352113,0.014084507042253521,0.8169014084507042,0.0,0.0,0.1267605633802817,0.8732394366197183,39,20,0,31,33,0,8,31,19,14,4,24,0,23,9,8,4,5,0,45,0,4,2,6,1,58,0,0,9,62
Spain,ESP,70,0.24285714285714285,0.12857142857142856,0.0,0.6857142857142857,0.1,0.11428571428571428,0.15714285714285714,0.6857142857142857,0.02857142857142857,0.2714285714285714,0.32857142857142857,0.15714285714285714,0.0,0.2714285714285714,0.0,0.0,0.05714285714285714,0.11428571428571428,0.07142857142857142,0.7714285714285715,0.014285714285714285,0.14285714285714285,0.1,0.07142857142857142,0.1,0.6,0.0,0.0,0.2714285714285714,0.7285714285714285,17,9,0,48,7,8,11,48,2,19,23,11,0,19,0,0,4,8,5,54,1,10,7,5,7,42,0,0,19,51
Indonesia,IDN,66,0.2878787878787879,0.25757575757575757,0.015151515151515152,0.5606060606060606,0.2727272727272727,0.0,0.19696969696969696,0.5606060606060606,0.13636363636363635,0.25757575757575757,0.10606060606060606,0.18181818181818182,0.0,0.4090909090909091,0.07575757575757576,0.06060606060606061,0.12121212121212122,0.06060606060606061,0.015151515151515152,0.6818181818181818,0.015151515151515152,0.030303030303030304,0.030303030303030304,0.045454545454545456,0.030303030303030304,0.8636363636363636,0.0,0.015151515151515152,0.12121212121212122,0.8636363636363636,19,17,1,37,18,0,13,37,9,17,7,12,0,27,5,4,8,4,1,45,1,2,2,3,2,57,0,1,8,57
Maldives,MDV,65,0.24615384615384617,0.26153846153846155,0.0,0.6307692307692307,0.3384615384615385,0.0,0.046153846153846156,0.6307692307692307,0.1076923076923077,0.24615384615384617,0.09230769230769231,0.24615384615384617,0.0,0.5076923076923077,0.06153846153846154,0.3076923076923077,0.046153846153846156,0.046153846153846156,0.03076923076923077,0.5230769230769231,0.046153846153846156,0.13846153846153847,0.03076923076923077,0.07692307692307693,0.03076923076923077,0.7384615384615385,0.0,0.0,0.12307692307692308,0.8769230769230769,16,17,0,41,22,0,3,41,7,16,6,16,0,33,4,20,3,3,2,34,3,9,2,5,2,48,0,0,8,57
Portugal,PRT,60,0.3333333333333333,0.2,0.016666666666666666,0.6,0.2,0.16666666666666666,0.15,0.6,0.06666666666666667,0.4166666666666667,0.23333333333333334,0.11666666666666667,0.0,0.31666666666666665,0.0,0.03333333333333333,0.03333333333333333,0.1,0.016666666666666666,0.8166666666666667,0.0,0.08333333333333333,0.08333333333333333,0.05,0.0,0.7833333333333333,0.0,0.0,0.15,0.85,20,12,1,36,12,10,9,36,4,25,14,7,0,19,0,2,2,6,1,49,0,5,5,3,0,47,0,0,9,51
Viet Nam,VNM,56,0.16071428571428573,0.08928571428571429,0.0,0.8035714285714286,0.05357142857142857,0.0,0.16071428571428573,0.8035714285714286,0.17857142857142858,0.23214285714285715,0.26785714285714285,0.125,0.0,0.3392857142857143,0.0,0.017857142857142856,0.03571428571428571,0.08928571428571429,0.03571428571428571,0.8214285714285714,0.0,0.125,0.05357142857142857,0.0,0.017857142857142856,0.8035714285714286,0.0,0.0,0.16071428571428573,0.8392857142857143,9,5,0,45,3,0,9,45,10,13,15,7,0,19,0,1,2,5,2,46,0,7,3,0,1,45,0,0,9,47
Poland,POL,55,0.23636363636363636,0.10909090909090909,0.0,0.7090909090909091,0.10909090909090909,0.07272727272727272,0.16363636363636364,0.7090909090909091,0.09090909090909091,0.36363636363636365,0.21818181818181817,0.09090909090909091,0.0,0.36363636363636365,0.0,0.0,0.03636363636363636,0.05454545454545454,0.01818181818181818,0.8909090909090909,0.0,0.07272727272727272,0.03636363636363636,0.0,0.0,0.8909090909090909,0.0,0.0,0.09090909090909091,0.9090909090909091,13,6,0,39,6,4,9,39,5,20,12,5,0,20,0,0,2,3,1,49,0,4,2,0,0,49,0,0,5,50
Bahrain,BHR,53,0.03773584905660377,0.09433962264150944,0.0,0.8867924528301887,0.07547169811320754,0.0,0.03773584905660377,0.8867924528301887,0.05660377358490566,0.3018867924528302,0.16981132075471697,0.32075471698113206,0.05660377358490566,0.2830188679245283,0.0,0.0,0.1509433962264151,0.18867924528301888,0.03773584905660377,0.6226415094339622,0.0,0.09433962264150944,0.03773584905660377,0.018867924528301886,0.0,0.8490566037735849,0.0,0.0,0.1509433962264151,0.8490566037735849,2,5,0,47,4,0,2,47,3,16,9,17,3,15,0,0,8,10,2,33,0,5,2,1,0,45,0,0,8,45
Oman,OMN,52,0.36538461538461536,0.40384615384615385,0.0,0.4807692307692308,0.4423076923076923,0.0,0.07692307692307693,0.4807692307692308,0.1346153846153846,0.3076923076923077,0.07692307692307693,0.36538461538461536,0.0,0.4230769230769231,0.07692307692307693,0.2692307692307692,0.07692307692307693,0.057692307692307696,0.0,0.5192307692307693,0.0,0.09615384615384616,0.038461538461538464,0.038461538461538464,0.019230769230769232,0.8076923076923077,0.0,0.0,0.07692307692307693,0.9230769230769231,19,21,0,25,23,0,4,25,7,16,4,19,0,22,4,14,4,3,0,27,0,5,2,2,1,42,0,0,4,48
India,IND,51,0.17647058823529413,0.0196078431372549,0.0,0.803921568627451,0.0,0.11764705882352941,0.0784313725490196,0.803921568627451,0.058823529411764705,0.19607843137254902,0.2549019607843137,0.1568627450980392,0.0,0.43137254901960786,0.0196078431372549,0.0,0.0196078431372549,0.13725490196078433,0.0196078431372549,0.803921568627451,0.0,0.0,0.21568627450980393,0.0196078431372549,0.0,0.7843137254901961,0.0,0.0,0.17647058823529413,0.8235294117647058,9,1,0,41,0,6,4,41,3,10,13,8,0,22,1,0,1,7,1,41,0,0,11,1,0,40,0,0,9,42
Belgium,BEL,51,0.17647058823529413,0.19607843137254902,0.0392156862745098,0.6862745098039216,0.17647058823529413,0.11764705882352941,0.0784313725490196,0.6862745098039216,0.0196078431372549,0.27450980392156865,0.2549019607843137,0.13725490196078433,0.0,0.5098039215686274,0.0,0.058823529411764705,0.058823529411764705,0.1568627450980392,0.0196078431372549,0.7058823529411765,0.0196078431372549,0.21568627450980393,0.09803921568627451,0.0196078431372549,0.0,0.6666666666666666,0.0,0.0,0.19607843137254902,0.803921568627451,9,10,2,35,9,6,4,35,1,14,13,7,0,26,0,3,3,8,1,36,1,11,5,1,0,34,0,0,10,41
Thailand,THA,43,0.06976744186046512,0.046511627906976744,0.0,0.9302325581395349,0.0,0.0,0.06976744186046512,0.9302325581395349,0.06976744186046512,0.46511627906976744,0.20930232558139536,0.023255813953488372,0.0,0.27906976744186046,0.0,0.0,0.046511627906976744,0.09302325581395349,0.09302325581395349,0.7674418604651163,0.0,0.16279069767441862,0.13953488372093023,0.023255813953488372,0.0,0.6976744186046512,0.0,0.0,0.16279069767441862,0.8372093023255814,3,2,0,40,0,0,3,40,3,20,9,1,0,12,0,0,2,4,4,33,0,7,6,1,0,30,0,0,7,36
Sri Lanka,LKA,43,0.2558139534883721,0.13953488372093023,0.023255813953488372,0.6511627906976745,0.20930232558139536,0.023255813953488372,0.11627906976744186,0.6511627906976745,0.023255813953488372,0.23255813953488372,0.11627906976744186,0.11627906976744186,0.023255813953488372,0.5813953488372093,0.0,0.0,0.16279069767441862,0.11627906976744186,0.06976744186046512,0.6511627906976745,0.0,0.06976744186046512,0.06976744186046512,0.0,0.023255813953488372,0.8372093023255814,0.0,0.0,0.18604651162790697,0.813953488372093,11,6,1,28,9,1,5,28,1,10,5,5,1,25,0,0,7,5,3,28,0,3,3,0,1,36,0,0,8,35
Colombia,COL,42,0.19047619047619047,0.09523809523809523,0.0,0.7380952380952381,0.09523809523809523,0.0,0.16666666666666666,0.7380952380952381,0.07142857142857142,0.11904761904761904,0.09523809523809523,0.16666666666666666,0.0,0.5714285714285714,0.023809523809523808,0.023809523809523808,0.047619047619047616,0.047619047619047616,0.047619047619047616,0.8095238095238095,0.0,0.09523809523809523,0.09523809523809523,0.023809523809523808,0.023809523809523808,0.7619047619047619,0.0,0.0,0.14285714285714285,0.8571428571428571,8,4,0,31,4,0,7,31,3,5,4,7,0,24,1,1,2,2,2,34,0,4,4,1,1,32,0,0,6,36
Liechtenstein,LIE,41,0.17073170731707318,0.12195121951219512,0.0,0.7317073170731707,0.0975609756097561,0.04878048780487805,0.14634146341463414,0.7317073170731707,0.04878048780487805,0.36585365853658536,0.04878048780487805,0.0975609756097561,0.0,0.4634146341463415,0.0,0.0,0.0,0.024390243902439025,0.024390243902439025,0.9512195121951219,0.0,0.0,0.0,0.04878048780487805,0.024390243902439025,0.926829268292683,0.0,0.0,0.04878048780487805,0.9512195121951219,7,5,0,30,4,2,6,30,2,15,2,4,0,19,0,0,0,1,1,39,0,0,0,2,1,38,0,0,2,39
Namibia,NAM,39,0.1794871794871795,0.358974358974359,0.0,0.5897435897435898,0.358974358974359,0.0,0.05128205128205128,0.5897435897435898,0.05128205128205128,0.1794871794871795,0.10256410256410256,0.4358974358974359,0.0,0.3333333333333333,0.0,0.0,0.02564102564102564,0.05128205128205128,0.05128205128205128,0.8717948717948718,0.0,0.07692307692307693,0.05128205128205128,0.02564102564102564,0.02564102564102564,0.8461538461538461,0.0,0.0,0.07692307692307693,0.9230769230769231,7,14,0,23,14,0,2,23,2,7,4,17,0,13,0,0,1,2,2,34,0,3,2,1,1,33,0,0,3,36
Yemen,YEM,37,0.43243243243243246,0.35135135135135137,0.05405405405405406,0.43243243243243246,0.5405405405405406,0.0,0.02702702702702703,0.43243243243243246,0.10810810810810811,0.43243243243243246,0.0,0.2972972972972973,0.0,0.2972972972972973,0.0,0.0,0.0,0.02702702702702703,0.0,0.972972972972973,0.0,0.05405405405405406,0.0,0.02702702702702703,0.02702702702702703,0.8918918918918919,0.0,0.02702702702702703,0.05405405405405406,0.918918918918919,16,13,2,16,20,0,1,16,4,16,0,11,0,11,0,0,0,1,0,36,0,2,0,1,1,33,0,1,2,34
New Zealand,NZL,36,0.25,0.16666666666666666,0.027777777777777776,0.5833333333333334,0.16666666666666666,0.16666666666666666,0.16666666666666666,0.5833333333333334,0.1388888888888889,0.3611111111111111,0.1388888888888889,0.1388888888888889,0.0,0.3055555555555556,0.027777777777777776,0.027777777777777776,0.0,0.05555555555555555,0.1388888888888889,0.75,0.0,0.2222222222222222,0.05555555555555555,0.0,0.0,0.7222222222222222,0.0,0.0,0.16666666666666666,0.8333333333333334,9,6,1,21,6,6,6,21,5,13,5,5,0,11,1,1,0,2,5,27,0,8,2,0,0,26,0,0,6,30
Peru,PER,36,0.2222222222222222,0.05555555555555555,0.0,0.7222222222222222,0.1388888888888889,0.16666666666666666,0.08333333333333333,0.7222222222222222,0.05555555555555555,0.25,0.1388888888888889,0.08333333333333333,0.0,0.5,0.0,0.0,0.027777777777777776,0.08333333333333333,0.027777777777777776,0.8611111111111112,0.0,0.16666666666666666,0.027777777777777776,0.0,0.05555555555555555,0.75,0.0,0.0,0.16666666666666666,0.8333333333333334,8,2,0,26,5,6,3,26,2,9,5,3,0,18,0,0,1,3,1,31,0,6,1,0,2,27,0,0,6,30
Kazakhstan,KAZ,36,0.05555555555555555,0.05555555555555555,0.0,0.8888888888888888,0.05555555555555555,0.027777777777777776,0.027777777777777776,0.8888888888888888,0.1388888888888889,0.2777777777777778,0.4166666666666667,0.2777777777777778,0.0,0.2222222222222222,0.0,0.0,0.027777777777777776,0.19444444444444445,0.0,0.7777777777777778,0.0,0.1388888888888889,0.0,0.0,0.0,0.8611111111111112,0.0,0.0,0.2222222222222222,0.7777777777777778,2,2,0,32,2,1,1,32,5,10,15,10,0,8,0,0,1,7,0,28,0,5,0,0,0,31,0,0,8,28
Argentina,ARG,34,0.4411764705882353,0.058823529411764705,0.0,0.5294117647058824,0.058823529411764705,0.3235294117647059,0.11764705882352941,0.5294117647058824,0.029411764705882353,0.14705882352941177,0.20588235294117646,0.08823529411764706,0.0,0.6470588235294118,0.08823529411764706,0.0,0.029411764705882353,0.029411764705882353,0.058823529411764705,0.7941176470588235,0.0,0.17647058823529413,0.17647058823529413,0.0,0.0,0.7352941176470589,0.0,0.0,0.08823529411764706,0.9117647058823529,15,2,0,18,2,11,4,18,1,5,7,3,0,22,3,0,1,1,2,27,0,6,6,0,0,25,0,0,3,31
